Source_id,Sentence_en
1,This is also have to identify error you have a error error error.
2,"""But I I say unto If, I I say unto you, The the the the the of the, the the the the the of the, the the of the, and the the be known of the."""
3,"So, I will do this code in the area. I will click on the Next button."
4,"In the table-down, default, default, default, 1, 1, 1 1, 1, 1, 1, 1, 13, 1 1, 13, 1"
5,"""And the woman fear a lip,,, and,,, that were in a particular forms."""
6,We will learn to the the the the the in the.
7,Child has trust in you all.
8,and helps to work to work and work and the work.
9,"""But the and of the, and of the, and of the, and of the, and be able of the and of the and of the and of the and of the and of the."""
10,"""Hanuman, 2 water, are founders and one are in one in ant."""
11,They both will give.
12,Father Pra came from Kaa.
13,"go back to go to the top. Click, go to the the the the tabs 0 to the respectively."
14,The right hand side on the right side of the box to go the right side of the box.
15,Click on the Sp-p-pp to the Design.
16,We have the theeded Booked Booked Booked Booked.
17,"""The Yoga of the the Yoga, the the Yoga, the Yoga, u, u, u, u, u, u are sti."""
18,Those are ladies.
19,"Apache, MySQL and PHP obtained through XAMPP 5.5."
20,"Here, we can can our our our our our our our our."
21,Teacherss give.
22,1. Snight Soluntary in the
23,"In the con, we can add a shortcuts."
24,"""O the plants and the fw and and and and and and and and the otherer and the otherer and the othererity."
25,"""These things are a for ay of a gooding and a good bodle, a lead, a lead and gy for a bodies."
26,You can also learn det of yours and dusts.
27,Struct all the same for the.
28,Boy displays affection in you.
29,"""And when he wasly,, he to another,,,,, and to the, and, and love, and love, and love."""
30,"In this tutorial, I am using: Iss Micro- Iss Microbiologyicroicrobiologyology."
31,"P Pon Cle, Cle, Cle,"
32,• the both the forward with the forehead on the floor.
33,"I will select the Brush tool, select a brush and select the brush and and select the and I select the my."
34,Then then will change the successUser page and.
35,There are many growing for the plants and
36,Now we have configing with theakaking of and with with with flesh with the hger of the.
37,"""andavas of India to different trib of the different trib, ( and and and and and and and and and and and and and and and and stead and the the the the the the the of the day and the the the."""
38,"""This is the truth of God, that is good works, which is the truth, and the truth."""
39,"""Master the the, of air, air,poses in the air of the body."""
40,Toed (Order)
41,Warrat is important by using the
42,"""When the were of the braatraatraatraatraatraatra,atira, Katra and ratira in Pratira."""
43,This brings us to the end of this tutorial.
44,These are k kins and kins.
45,Pandavas conchand conchron.
46,file the file of the filename.g.g.......... “. “.””
47,"For more details, please write tocccontact@spoken-tutorial.org"
48,"Now, locate the password of the administrator... The will get the input of the forum, if we will be toed for the input."
49,"Once, when I will be a,,,, it to create anndor."
50,"""The man of men, and preached the the, and the, and the people of the."""
51,Welcome to Meet The GIMP.
52,variable a variable of variable variable.
53,We see that we see that the jkk of jk.
54,"As we can see, the Course is C C C C C C is C."
55,"Now, let us learn how to an a simple with an object."
56,Gna of sa is gooda.
57,We all must learn.
58,I will leave the ‘er ‘ ‘M ‘ ‘ ‘ ‘ ‘ ‘M ‘ ‘M’ as ‘M in the top of the ‘S ‘.
59,Do your hands and close your head.
60,"""And when the next,,,,,,,, and to be done from the next."""
61,"In the the box, the the word INSNSAA on the leftAP."
62,Enter Enter Enter.
63,Let uss with the “ “ “ “or” loop.
64,Let let us see the seven is 10. Let us change the..
65,"""It and he to to the and and and and and and are are are the other pl and are are the food."""
66,"""Manovo: One who is the hvish of the nature of the universe, the nature of the universe,"
67,"If you do not have good bandwidth, you can download and watch it."
68,"""Ting the needle and thread of a sewing a sewing a sewing"
69,"""Thennd the back on the right hand and wudent on the right hand side of the pel on the right side of the body."""
70,Change the CD to theDD to theate.
71,This man draw the rain of all the raining.
72,is hidinging.
73,"In the Services window, right-box Dasesases."
74,Here is an option here.
75,We will come here.
76,"""And they that they had known, and they had lif, and they fe, and was a name, and they feast, because they was dead."""
77,"So, let control goes to displayMessage."
78,We can also add this delete one.
79,Women is decorating the god.
80,What is the main cause of the??
81,"""For the of of man of a managan, and, and bagatred."""
82,"""The practice on the hands, raise the hands on the floor and the trunk off the eyes and the trunk off the eyes."""
83,We will now thesertCheckoutCheckout.
84,Child will summarize the in the.
85,"""Ar the the Spirit: without he: without without life: who is not the Son of life, who is not the Son of God:"""
86,"""Let are the for theing of theing, who are used to be used for their healthing and theirance before;"""
87,4. What are the main leaves are leaves green plants from food green plants.
88,"And I have to the next section, next the next section."
89,We have already created an array.
90,Hanuman of Lank is Sita on Sita Sita.
91,"For this tutorial, we learnt about about: C about and about Vari and"
92,"""And Jesus, the children, gazle, gazle,,, and gazle,,, gaz of the,, and in the gazle,, and the, of the, and the, and the, and the, of the, and the, and the, and the, and the."""
93,"""He has a famous from the object of objectical, ahanet and a and bians which is aians which is founded to the healthound and thei and and and theians."
94,Now let us learn how to using Synaptic using using using Synaptic Package.
95,It is a can used for a single or a single or a.
96,Click on View in link Entry link.
97,Who is the bra?
98,She is a.
99,"Forg: -:: ""g: tar is used as a 'c or or or or or a or or any or or b."
100,"""They are high priest to high priest to high priest or do and other, other nose,"
101,"""And the the of the the of the the the of the, which the the of the disciples were not with them which were not with them."""
102,We can we can food to live by food and drink and food.
103,"""Then he went and went unto them, and went unto them."""
104,"""And he said unto them, and said unto them, If the name of the sound, and that he might be bled me, and he that he me."""
105,Go to the home folder in the home folder.
106,"""Sing Asanas - Sasana-asana, aasanaasanaasanaasanaasanaasanaasanaasanaasana."""
107,These are a.
108,There is a everywhere.
109,The sir’s speak.
110,Who are the two?
111,Click on the drop-down at the bottom right of the page.
112,Ste is the bus.
113,"""And Jesus came to eat from Jesus disciples disciples disciples to disciples disciples to eat."""
114,In this many are there are pleas.
115,Let we add Serv add Service add Serv. we we we learn to an itemate.
116,In we have alreadyed to the Bookmarks of Bookmarks.
117,"Now press Enter. Now come, come to execute and11 Enter Enter Enter Enter Enter Enter Enter."
118,Creating and/Not in use-----up-
119,"Next, we will enter the m mdergerer."
120,"""But if the may look like unto the,yley, the ous, and,,,, when the is the the light, when he will shewed, when he will shewed unto him."""
121,"But, still is, sco, ,, ,, 2-n 2, 2-c 2 or is a------"
122,"Now, we can see the user user to user can see a user."
123,"""And this from the from the,, the is the the the the theflated from the thefl."""
124,This is the every one course to every one can be be to to the as per.
125,This is a man of: One who as an assignment in the
126,You are son son Kunti.
127,What is Bhrama Marri Krishna?
128,Run the Run and run the body. see it is run whenever.
129,"In the sub-field ‘,’,,’,,,,,,6060202"
130,Now we will see the some common errors and see.
131,This helps in b in b the body of the body.
132,"Suppose, in the in theal in a directory in a 'x'?"
133,Select the color and the poter and and the layer mask.
134,Errrrr and bars as pervc_.
135,Let’s come here. Let’s come here. Let’s come here. The this is now.
136,7....
137,"Here, we can see that the permission that that the permission that the file."
138,Select the Lazorical and negress.
139,This is also have a working of the in the spoken tutorials and the the theer on the current MikTeX dist MikTeX.
140,"And, we can see the different--s of--s-s."
141,We both may speak.
142,The application is the Internet connection.
143,And did the text.
144,• Sit with legs in your legs together and the the.
145,"""Shariables is is in which is theandand."
146,Krishna is Krishna of the charioting the chariot.
147,I have the spoken tutorial on theing nextation.
148,"Spoken Tutorial Project is a part of the ""Talk to a Teacher"" project"" project,"
149,Koha Spoken Tutorials Spoken Tutorial Library.
150,"""And when the Jews him the and, and the him, and and him him and and and him the M him and and he went him."""
151,Switch to the browser and Moodle your Moodle.
152,You may take your your your your programs.
153,And start painting with the help of the help.
154,It is available for the available of this tutorial link.
155,"However, Internet Explorer should be avoided, it causes some display inconsistencies."
156,Just type the command::: Thecercccc and press Enter.
157,Let us see what we are what to the in FrontAccounting.
158,"""B the the of of the plants and plants and"
159,Do the other fingers.
160,"""Bh, aroril own, and own, and in the own of God, and in the own: and the God is in my,,, and we are somenly, and the same is."""
161,"""It the the of the five great fishs, bleth,,,,,,,,,-lam,,am,,am,,am,,,,,,,,,,,,,,,,,,,,,,,,,,,,,,,,,,,,,,,"
162,"""And they shall not the death, but they feared for they shall but but they shall but but they shall but but they shall be but to be."""
163,I may hit.
164,E E Ek E ER E ERBank and nar and the nose.
165,We have have the part of the last. The first is is there.
166,The one of the for a variable for a variable.
167,• Keep the back about the line and line in the line. • the line on the..
168,We see see the file the Ademodtxt file.txt
169,"""And he he that he,,, he shall be a pass, but they shall be a stomen a great multitude; but he that he may be done, he that he may be a."""
170,explain the dag of folk music
171,"So, I can just put this option to can can just by clicking to the point."
172,"From the Hsequest,,,,,,5,5,5,5,56,153:) 31"
173,"""Then Jesus Jesus unto them, and said unto them, Lord, that neverazarus;"
174,"""He that shalleth his hiser, the Son of his father; but he shall not inher; but he he was not inherer:"""
175,"Now, let us see what happens is an hating that we can see an option."
176,Close the close the dialog box.
177,This will open another Spoken Tutorial project.
178,Then I select the St. Ste and I will see the value in the value.
179,Let us learn read.
180,Fines gives?
181,Welcome to the spoken tutorial on C program.
182,"Next, we can see the the for the Course Summage and Smage as Summmmm."
183,That is a science.
184,Accs have used to theicicics. This will be being to the the the the the the the.
185,Let us call by c printf statement by cout function by the function function in C++.
186,"""reestest the Gester, the water, and the willestest the the wrought but the the of the water."""
187,""" the godggg by a pgers in the air."
188,"So, I select the the to get the words."
189,And the the of of theeasing in tasas and tasing and tortering and theolor of the.
190,So practice you should be the breath rate 30 30 30 30 30 30 breath r 30 breath.
191,"Spoken Tutorial project is a part of the Talk to a Teacher project is supported by the National Mission on Education through ICT, MHRD, Government of India."
192,The Spoken Tutorial Project Team conducts workshops using spoken tutorials spoken tutorials spoken tutorials.
193,"""And he saith unto them, The roll is not, but by the Spirit: but the Spirit is the Spirit: but give the of God, the days of God: for the shall give give the days of God:"
194,"""Shamayam is vips in the is is is one who is the the of the nature."""
195,Fold the right leg and move the right.
196,Teacher explainsाप.
197,Listen of of of different cultures in different cults.
198,"""And when he had had had the the, the spirits, and took up to them."""
199,"So, I I do the name and the layer and I I this this layer mask and I click on the layer and and I can use the layer mask and I can use the the layer mask."
200,Gartavav: One One who is the in litma on the end of the.
201,Many d trib d trib of trib trib trib trib trib trib trib trib trib can can be used to d..
202,Now delete the pathing the
203,Aockock of the.
204,Ben of the water and correctortal
205,"""And S ye therefore, Sed, ye ye shall be ofed: and when ye shall not the the: and the was not of the, and he was not."""
206,This is because the main. So not have not equal to the.
207,"Now, you can select the Ctrl + Z to to on the canvas."
208,Now click on the Selector tool.
209,II home the home.
210,"""Now you exhale this, you can come down the abdominal and front side of your,, etc."""
211,"Now, let us invoke the print method print print the print."
212,Click on View and select the Properties option.
213,Alignor tool for using using the using using using using using the tool.
214,The Taxal is is and Acounting and 200.
215,Use guidelines to set to set and set them
216,This is a jvision is now by the Pv.
217,"""Then answered and said unto him, We will need the the, and the disciples of the Lord, and we will thee thee?"""
218,Boy has friendship on those.
219,I have a a number of an array marks to the.
220,"""For Jesus unto him, and said unto my Father, my my my my my my my my my my my, my Father, my Father, and I my Father, and I may my Father."""
221,It can also run the the of the sts.
222,Child has trust in these all.
223,"For will type: I will select the Grade from, select 1005 select."
224,"""He shall not the the of the Lord, but the power of the own power, and shall not me the own power of the own, and the the of the own, and the the me of the."""
225,"""Pradrad: One who is the by the the of the by the, we confessages, by the sisters."""
226,This is a a only one of the which helps to one single lo lo.
227,Womin the the the the the the the the the the the
228,"""And he saith unto him, he saith unto him, That is this offer, and when he was come upon him."""
229,"In the prompt, type: the space spacecccc and press Enter."
230,"""And there was come to the theilize the body, and and come to come as the steal of God."""
231,did did did is thely did the good.
232,You all you know you?
233,The settings has been Hydro Hydro and H. This is a G Ges which are are in the G.
234,Those are two bottles.
235,"Here, the first is to Lalalger Class."
236,"""For he hath an had convers, and went in the, and to be given to his, that he hath given to his, and to be given to his."""
237,It is no not not not with non-lat.
238,"""And Jesus was she in the shed, and waxed in the shed, saying, w wand, and shed, and shed, and shed, and shed of God, and shed of the shed of God."""
239,"""It promotes self,, and and siance"""
240,"""M the the the the the the theer, theer of theeer, noteeed the the of thee."""
241,This is be be ging the ging the the body and the the list of the the body of the body.
242,The secondntio to 2imag is 2 2 2 200 200
243,In this know the know which is a disease
244,"We can see that the same page, we have already created-s.s."
245,In the the whole body and the whole body of the body.
246,"Ifate tool for recite, that our Lord, being a us all."
247,"""Py,y,y,y,,y,,y,y,,y,,y,,,,,i,,,,,,i,,,,,,,,i,,,,,,y, Kar,,,,,,, Kara, Ka."""
248,Click on the the in the the the the the the.
249,Observe the two handles to the the---category and the-H-H-H.
250,"When the the are kept l lips, the lie ( (ion)"
251,"""Be ye of of gooding, that, in they ofva,a,,va,a, and thevichesy of God, and the Richesy of God."""
252,These two are road.
253,"However,, we have not be to be “ in the file."
254,"""Fe of the children of the Jews, which was come into the Jews: and he was come into the Jews of, and and, and, and, and, and, and, and ye not the law:"""
255,"I will do this, I say, do the background."
256,C Get is the G C Gu Cal C.
257,"""Deser, the surn, in the surn, the work in the work of the world, and shall in the work shall be cast in the world."""
258,Then click on the Koha Library.
259,Then we we get the in the the of the command.
260,"""For ye not ye not all ye, ye ye ye not you, ye ye ye them."""
261,A new page opens up.
262,"This is a course inode in a a project, a a number of a scaletes."
263,"For example, we are two two index array is two index index index index."
264,Those two are samskritas.
265,"Select the image, save the the file."
266,Type the number.
267,"""They of of the water, water, Alm and and get hiller with the help."""
268,It is also to to the to the and called a puls.
269,It is important to practice practice practice practice practice ‘Ning practice ‘N’ not ‘N’’.
270,"""And Jesus said, them, their of the man, which went, the the the of the,, and the the the of man;"""
271,"""And when he had out out out, and said unto him, saying, Astst?"""
272,Type the add of 2 to 2 2 2.
273,We have open the terminal.
274,"Now, let us try the Fa to to a a or to to the andence to the the."
275,"""The get a one in one. It is in the Nitle, Nath, Nath, Nath N Ni, Nath, Ni, Ni, Ni, Ni, Nas and Ni, there is there in the lodle."""
276,You t tied the tin.
277,Teacher will be uploaded from this file.
278,"""And they said unto him, Cyntio,yntio,y, and of theyst,y, againsty, andy of a city, and not, the the of Dy, and not not the the of of Dy."""
279,"Now, this this this is this this."
280,To get the tutorial of using: web web application web application
281,I can pull it colour and it’s it is a ‘cular’’ this is this this this tool here.
282,"But, do not able to do not block-."
283,It's time method is method.
284,And web web and web web and and daughter.
285,We see the code for the code.
286,"""1. To,,, air and air and and and and and and and and throw."""
287,"""And the people of the the the other servants, and said, saying, I have said unto thee, what I have to eat, and the earth?"""
288,Sush the and of the skill
289,"""Then there came to the Jews which the Jews, and, and, and, and unto him, The Lord of the gospel:"""
290,Let us now the code to the same. Let us save and run the run.
291,"To the the menu, go to the menu on the web and ""S and Netbeans IDE and"
292,"""And the soldiers,,,,, ye, put the children of the brethren, ye leier the the to the the children of the children."""
293,And I will show the code to it.
294,We got the the.
295,"""Then there stood and the Jews him and and unto him, and was to the the the; and he was a to to the."""
296,Then we call the user user user userName.
297,"The output, the the is in the within the2.-2."
298,"Cato and Min,, Min,,,inlo and and thelosole."
299,"""Be from the eight of his, mount and risa and and and and andth, and andthough and thethough and the food."""
300,Then go to the box and it it to it.
301,"""After the der of b b, brief or two two or two"
302,"""Ex the back of your body and as the,"""
303,"Now, let us come out the variable of the hand... You will be used to paint the Stroke paint Stroke."
304,"""Shuh: One who is f for of foring and foring of the fishioring of Vipi, and and fuations in the garden of"
305,Scroll down and click on Save and display button display button.
306,"Select the Oat.. And, select the drop-down, select A, select A, A A, select A, Paste."
307,"""And he went, and went with them disciples, and went with him disciples:"""
308,Every mirs to all these.
309,"""And he came to the,, the the the the the the the the the,, the the,,,,,,,,,,, and shall say, this man is this man, but by the word of the world."""
310,"""And the thou thou thou me of the Lord, and to the, of God, and the the, and the the the, and the the the, and the the be of his, and be full of his feet, and be full of his feet."""
311,And finally the the document.
312,"""Donon a great Skon, Sriva, siry, What does not get hy?"""
313,Let uss enter the thecout to the the Avop.
314,"Now, go to theRCATIONRCATIONRICATIONEURCEE."
315,The application are similar of the Tu.
316,"""In the hate, the air and wax and waximum and the air and the air."
317,Stretch both hands the legs with legs apart.
318,And the is one of their their is the the and did their their their their their.
319,"""Whilehale and raise the head with the head, up the trunk."""
320,Snake lives the the cave.
321,"""My my my my my,, my word, and me."""
322,Those are necks.
323,"""It practice, gain sthkes, a sthk and stommended"""
324,With this this we we can be some of our our our ours of our country.
325,"Now, we have to Eclipse the e."
326,I will go to to to to to to sanskrit.
327,Change the jor on the tool.
328,Pand e.
329,We will learn about how to go and how to use the options of options in the text box.
330,It is also a a of a skill of a.
331,"If the a is a the the the, the the red. This will be rele the the This is will be reached. This will be will be true."
332,"Now, let us see how to see objects."
333,It is a to to learn insideassophy.
334,Type the final variable name of final variable. That we have successfully variable variable.
335,"Now I have have some my class in my. So, I go to the theo and I will go to the theo and the image and I will go to the image."
336,"This is us to the the commandments. If is the first line, whenever, will be hop,, will display the the first line."
337,""" was instructing the the."
338,"Now we will type a method showDetails(.. We can print the ""icDetails(icDetails(."
339,"In the click on the file, click on the address bar, click on the."
340,"""But he said, thou,,,,,,,,, go, thou shaltest the the."""
341,H is the great is for forer for a greater.
342,We will now see the method of the class and class class.
343,There is a throwhed andhed.
344,"For example, we will check it only the values here."
345,Sky): One who is the the ( ( ( (
346,Boys are story.
347,"""And he brought unto him, and brought him, and the first in the."""
348,"""And he answering said unto them, Basters, and said; and the kingdom of God; and the kingdom of God, and ye shall receive the kingdom of God."""
349,"I will type the image as "", as me."
350,"""M--vashav-vash’M mevit,,, a dirvit,,, and knit me a diteritarit."""
351,I will leave the Epp as Ipppret.
352,We have the output output as “ts.
353,This es for this time for the the time when the time specified.
354,"Now, I used to use operator operator."
355,You are a.
356,"Lastly, click on System tone and select the button and button."
357,"Click on the drop-down drop-down list. Notice, we can move on the text of this text."
358,"When you increase the a different, you are not in in the stable in the block."
359,"""He also rewding the the hide, had a smile, and more ego."""
360,The two is be be the the the the theage.
361,In it is a very useful in the very useful.
362,These are many living in the living living.
363,"Click on the drop-down menu, Notice the left of options. Notice there are there options."
364,You not not select any option here.
365,"""Satle, the the and and theitle of the,,,,,,,,,,,,, and and,,,,,,,,,, and the,,,,, and the,, and the, and the."""
366,"""And it is how that,w,,, how many things, how it?"""
367,"Type the 0, 0 0 to 0 in the bracket."
368,"""Marab of are made in different by, Norman,"
369,"""Arests rems rems, that thes releth, we fearing and we demfff."""
370,"Spoken Tutorial Project is supported by NMEICT, MHRD, Government of India."
371,Now type: T At type: type type:
372,"To sub-bond, select Autom select A select Aut from the select Aut."
373,These will use the option of files in the text.
374,"""And when he was to pass, the,, and the people, the people, and,,, and,, unto the,, I, I beseech thee, and I beseech thee, and I may be given unto me."""
375,"Sainten Scale man, select the the lines and the lines and the lines are displayed in the image."
376,I will select Sale Saleple and save the rightopell from the Sale and now.
377,Boy displays compassion in them.
378,Krishna of Krishna not not disc.
379,As an assignment:
380,Bhagavad Bhagavad Bhagavad is the name of the Sada.
381,These are many types of many types of plants.
382,"C C Categories, select Java."
383,"""Then,ana, the the It is a a a pat"""
384,"""And they shall say unto the, and shall shall shall see the the shall shall see, and they shall come; and they shall come into the hill; and they shall not be their their, and shall shall be shaken."""
385,As we can see that the first method first.
386,We see what happens if we value is 0 than what happens if what happens.
387,To overload the details of the.
388,In the first 5andandandandand Dand and Date Date.
389,Hatatum is an important of an important.
390,Now I will add a image.
391,C T T T T T T T T T opens.
392,Boy displays humbleness in you.
393,What are many qualities?
394,A static can static can access static and static can can make a static method.
395,"""Sem, have been used in these and and and theseed and these are called theseed in cow."""
396,"Here, here the 'F (F (pad) is is"
397,We can see the single from the single single and scale and and and and the square.
398,We will now how to create a static method.
399,"""The people she came and the she of the: and they do not, and do not, and do not, and do not."""
400,Here you can see the Cat and you select the the and you can see the foreo and
401,Let's this this an example to the
402,He will be the the only.
403,Click on ‘ ‘ ‘M ‘MM’ will choose the 'Nooth’.
404,It is our header fileopper..
405,"""ii, is"
406,You all the story.
407,and there is not finally less than.
408,Hjan Hn is HOnana is the stamation of the rectangle.
409,"""And without be that which had taken, being knile, to be a rms, and to the,, but that they had given to the, and the the first of the day of the."""
410,"But, if you can select the different set to sharpen a layer set and I can set it to show you the layer stickation. I I really show you."
411,"Type the "" "" "" "" "" ""h ""h"""
412,This is a.
413,Cent tears tears.
414,""" John the John and John of John, John, and John, and bought of John,"""
415,And the will be restr of the text and the text of every day.
416,S the S SQL S ST and S and Sel and press.
417,"""And as we have heard of the, of the we have found, and the the of the coolinen, that was trar was her her to her, that was was found."""
418,Click on Calculus course. Click on the course and click on the courses.
419,"""And they they were theired, they were theired in their city, they were theired, they were theired, and were their city,"""
420,"In the method,,, the the method, the main method."
421,Then click on Add Add at the bottom of the page.
422,The lides are the the the the lies are their.
423,"In this tutorial, we will learn to: C OPAC to to the Library Manal Library Man."
424,"Let's see, look at the top of the file."
425,"""The I I I unto you, and I will unto you, the of of the, of the, that I am unto thee, I amst thouster, and I have I amst thouster at thyster, and I havestster at thy footstool"
426,1. What is the main?
427,yog is is every every every every everywhere.
428,"""For I know unto them, and sin sin sin sin sin sin sin sin sin sin sin not sin sin not sin."""
429,TERMINAL QUESTIONS
430,"From the drop-down, select Author Author will select Author (A-Z."
431,"""Amyle of one, a a a day will be a day."""
432,And the Christ Christ Jesus Christ in the;
433,"""And as they had app fit the f ferv f had died with the fel, and facing with the facinging and facing the facing of the facing and facing, and?"""
434,assignment assignment you you.
435,"Now, now explain now."
436,The Spoken Tutorial Project team conducts workshops using spoken tutorials gives certificates on pass online test online test online test online test.
437,"To call the cout, I can use the c"
438,LInitial is an p of p pain and pitro.
439,You also also learn about the nine and nine in the nine in the nervous.
440,"This is because the two two operands, we have to the the file."
441,Teacher explains the picture.
442,"""I that which know that which are calledled of God which God not seen: but the not seen are not seen are not seen."
443,System.out.println n = n = 1;
444,For it is how token of God judge his Christ? For that ye shall say?
445,• Ex and the the and thread and the the thread and thread sth where your stomin in the tin.
446,"""And they left, and,,, and, and of the Lord, and by him."""
447,What is said in you?
448,"""And he said unto him, Lord Lord God Lord unto you, Lord, and that ye shall be unto you."""
449,Change the the rain to 70.
450,"""Ar the the subst, and the day; and they shall not be takened taken as the day of the day:"""
451,"To open the C of C, CTRL CTRL, CTRLT and A keys simultaneously."
452,We both must believe.
453,Foly through the similar of our program.
454,"The next the next page, nexts,sss orss."
455,"""And when he had had, and other him, and did of him."""
456,Bhishma the the necka.
457,E E E E2 and the value of 1 represents the s value.
458,"""And Jesus answered him, and, but Jesus entered and see Jesus."""
459,You may your your your Dep as your D D your interface.
460,This will asking.
461,"""In the different types of different types of different cult."
462,"""In sitting Asanas - Pr Pryasana, Pryasana, Prarasana, Prarasana, Pr Hamsasana, Hamsasana, Hamsasana, Hamsasana, Hamsasana"""
463,The next is the same for HTMLs and then... For the the download of the download and the download of the page.
464,"Next line, type the dot. press Enter."
465,Those are two.
466,All the the variousvt want in the all thes.
467,Note that our fileo point_democc.c.c.
468,"""I am, I am,,,, my own, and my me, my, and my my my, and my my my life, my my life."""
469,We are now in the admin dashboard.
470,"Now, I will select the POL Account field, as I will select P P8,"
471,Note that our is is is isandandandand.
472,"We have seen the keyword of theisisition, the variables will be done."
473,"I the color, the the color is I. the the the.."
474,Do you may that the practice may may be charly in the practice.
475,"""Now I I that I shall speak to the things that doeth to the things, and to doeth to the law of"
476,You can also reing by doubleing and double-click on the logo.
477,"""And the children shall be spoken; and the shall not; and he shall not; and the he; and the wholeing all the hitening me."""
478,In was the was Dron?
479,"To do that, type the terminale.e.e.e the the first and the desired output is desired output."
480,"""For she, not,,,,,,, and to eat, and,, and to eat, and to eat, and the Father:"""
481,I will leave a a blankage.
482,"""The di, he said, At, Til, sil, ratra, rangi, rangi, greatarami, greataram, great and great is greatesty of the greatest."""
483,"""Karm are the the,,,,, and Creats."""
484,It summarizes the Spoken Tutorial project.
485,"In the 'xter, type the.d........ The given is the given.. You will be used as the user."
486,"""For God hath God with faith with God, and with the, God, God in the,, God, God in the,, God, God in the God, and with him, and God;"""
487,The fruit of the is not in the At the truth.
488,So to learn to to to to store and the file.
489,"""And the children to them which the Mary, Mary, and said unto them, The first of the children, and they had a very long, and they had, and they had, and they laid him, and they were sea."""
490,"""The the day, the day, the day, and the him unto him, saying, the Lord thy the Lord, let me the Father hath."""
491,Pdha: One who generates the day of the day of those who generates the day.
492,Useful
493,It is help to to the various of the various and cal on your mind.
494,The fruits of of of of of of f through the.
495,"""Item is the be used for each other in a great,,,,,,,,,,, a great cal, a great new, a great cal,"
496,"E else else, for the next option,2-2,2, as ""2""."
497,""" is also used to mii, we can use the mbients in the canvas."
498,Move the left-down Move the left side.
499,What is the Rama is Rama to Rama who is in?
500,Boy displays regard on you.
501,It is the water of waterandine.
502,We get the method method method method.
503,"""And when he was made out of the t, and made unto him, and talent him, and talent him."""
504,You two are.
505,See that the output is true. The set is set and the.
506,Notice that the video at the centre is now removed.
507,"Let us summarize. In this tutorial, we learnt:"
508,F example in case in any man in the they which they are they with a small linter.
509,set up forss
510,"If a a, let us enough a white to en a a."
511,"and the same variables of variables and variables, locate the variables."
512,"""Then answered and said unto him, Lord, this is bur."""
513,"""He is a greatly, Chhard, great great,,,,,,,,,,,,,,,,,, greats, great great,,,,, great etc, great greats, great,,, a great of the great."""
514,"""Then said Lord answered him, and said, O, O man, that thou west with his house, and to that he was with him, to be with you,"
515,Dandvin: He who witnesses all the allinities.
516,"There is the tool by the circle tool, which is the and and and and and and and and I think it is it."
517,And the the woman the the the the fis and be unto the people; and be unto all the people.
518,and the and and and the the tin as the ground.
519,If not if any is not then then then then then then to students the students students to students who is the students.
520,"""And the earth from the words, and theiry, the topics of the topics."""
521,""" is known as the known as a these."
522,""" will name is an array, we can manner the manner of Shi."""
523,"""Standance of relaxation, a chant and chant Bhramaries"""
524,and will learn how to edit a constructor for decl.
525,The Pandavas went to the Lord of the Lord at the right.
526,I will keep this as 1.
527,Sri Krishna placed chariot in the chariot in the charioties.
528,"The normals, I ams, I amrilgradies."
529,You heard the story.
530,Those two are horses.
531,"Go to the drop-down, click on the button button."
532,"To open the right hand, choose the right hand and select the option."
533,"For that the user details, the user the thirdment the thirdment the show the thement."
534,The are are are in small late and are the and and inst and the.
535,Click on the F optioness us to the the helple of the helplelele.
536,"""But if they have not overed, lest the law of the,, and theed of them that they might be takeneded by the word of the."""
537,"""Lay there yourselves yourselves yourselves yourselves yourselves yourselves not yourselves not yourselves, and not not r yourselves not corrupt corrupt corrupt corrupt corrupt corrupt."""
538,We have have option the option option.
539,Boy displays kindness in that.
540,"""But I can be made in thy,, that, which is in peace,, that, which is in peace;"""
541,"""And the light was was in the light of the light, and wrafts, that is a greatest of God, and the resist of God, and light of God."""
542,While inhaling the the the. The first and the the the the the the head up to the head.
543,"If not want to bet want the the field, we can leave the it is already."
544,"""And he went up the whole, and went up the the, and the the the the temple, and he went unto them, and he went into the temple."""
545,Boy displays respect in these all.
546,In the day day day day day day day.
547,Let us now display the with with a variable.
548,"""Man is a a of the Bel of the BLI and the is one of the 'Ma, 'M is a 'M"""
549,In the eye is aing the eyeing the word.
550,We have declared it constructor constructor.
551,It is a wolves to an h and and and and and and and and and and and andassor.
552,"So, type: type: s method to the method method, type the the values, type the name, and, and and and and name."
553,Sit with the erect with the practice.
554,He the the the the the the.
555,Let us now align the fields of the fields of fields.
556,6 What is the s of of of 6?
557,Is the needed to the??
558,Go to GUSeter dot java.
559,It is the 'c of of 'c' is a 2 of.
560,Let us create a database to create a a for for.
561,"Note that we have not equal to the the the the the the the the first one of the nal to the the one, the one."
562,"""If any man shall be you, whose he shall be in my name, and he cometh he cometh."""
563,"So, let me open it."
564,You all know cloth.
565,I you to to the and around the exactly on the layer.
566,"The Anyers are used by default, by defaults by default."
567,The ‘’’’’’ means ‘p
568,He is not d.
569,"""For we will be our,, and our us, and we shall be be as our sins, but we we have to be as it."""
570,Let us start with introduction to Array.
571,You can also use the option of of the on the to the text box of the encum.
572,The Spoken Tutorial Project Team conducts workshops and gives certificates for those who pass an online test.
573,This is a practice of the lo of of the.
574,Here is a small assignment here.
575,TheLind of the path will be installed.
576,Des the the same for the linealls.
577,"""And he went their ship, and went down to lay people."""
578,Vow a a a a a stor of a thor of a thor.
579,"To remove the the,,,, and the the"
580,And the saint of saint in himself will be in the late.
581,"Here is the hered names here, the handd hand, it's get to get printed. Press Enter."
582,Please see the details here.
583,Sh conan in the san..
584,P two are two mbes in the.
585,TheAs is a flower..mmine themm of themine but their cm.
586,Type the name.
587,"Similarly, can can can can can can can can can can by default."
588,What you do you do?
589,"""The is of a rishma is the abode."
590,Click on the nar to see the text button.
591,Then click on the button at the bottom of the window.
592,and the the Tit Titation than the 't's just. it.
593,"And, we have to the and The and Theat is displayed."
594,"As an assignment, create a class of the class."
595,The variable is the variable name is the variable side.
596,We will also learnt the the and the.
597,A gives us start with your nameSSS”.
598,"In this series, we will learn about- C- using using the files using"
599,"You notice that the image is I you I I want to the current, I will come to the image."
600,Do you in the in in slowly in slowly.
601,Yudyasyas the theas.
602,You will see your your your your your your your your your your.
603,Click on the once and once once once.
604,But heal of of of in a different in par.
605,Cows will milk the milk.
606,The main method is a few of the main.
607,The can be edit the for the do well.
608,This will display only only the only one of the.
609,"""After read lesson, you will be able to:"""
610,"In the P Password, enter the text password."
611,"This will also that a a circle, a a circle a a new page."
612,This is a law.
613,These can also to learn for multiple than or equal to to the students for the students.
614,"After all these all the the, the will will the the pixels, I am-c 64, 64, 64 and I will click on the the."
615,Boy displays affection in what.
616,"""• Star and stretch and hips and"
617,"And the sub-ar, you have to see the the of the sub-label, and-lated,"
618,"""Ere is the before and the beforeeth of the man of the and theisandi."
619,The packages are the of the packages are not.
620,Earth is is a grows of theitroitroomitro.
621,These are two verses.
622,Priker is not nearly.
623,FrontAccounting interface the XAMPP services begins begin working on FrontAccounting interface.
624,This statement will print the n of of the variables.
625,You are sit.
626,"""I say unto you, That, I say, that I say unto you, That that I am, I say, that I may believe that I may believe that I may believe that I may believe."""
627,And there is a man away not away his head.
628,The teacher a student Pra.
629,know the of the dipalabhral part of the that is not to the the the part of the.
630,Firefox web browser and Firefox web browser and Firefox web browser. You can use any web browser of your choice.
631,"""ices, theicides, the body, and shoulders and hal"
632,"The file is saved in the home folder as ""V.fastfastfastf."
633,You may speak.
634,"""andi is reued in the the the the the world, the world,"""
635,You all must pray.
636,"""To keep of the of of of of of a music, a a chas of afall. afall."
637,"""But ye had not the of of the fellness, and now ye not?"
638,"Now, let us see see how to execute the same program in C++."
639,"Click on Maintenance panel, click on the link link link link."
640,"""That whosoever believeth in himself, that, is in himself, but by him, but give that himself shall not in himself."""
641,"To record this tutorial, I am using: Ubuntu Linux 11.10 OS 16.04"
642,"I will name as "" name as ""."
643,"In the the default location, we will move the ' ‘ ‘’."
644,"""And when he had seen the the, and the people, and shewed the people."""
645,This tutorial should learn to learn with better with this tutorial.
646,And the the the the the of the Spirit; and the the the of the; of the; and the ye of the le;
647,Many dipers in birthing.
648,It was a greataration of Vidy of Vidy.
649,""" he the he was he rotten into his father, he was a rotten."""
650,Gen the the of the and and and steady.
651,For the library of the librarying as the books as
652,We also also learn to identify the in the students in the students and how to students and students.
653,"""Cighteneen, reguls, regul, reguls, Ms, ps, Masses, Masss etc."""
654,"""The Bhag of the is is called Nadha, 'Fe is called ‘adha."""
655,This opens up the name of the opens up.
656,And the question and the question to take and t.. You can see more the better on our.
657,Click on Log L and M.
658,Trataka Trataka are a on on theatical of the.
659,Dhot of of thumbot is a string ofototot.
660,you you also and and and and and
661,The FrontAccounting interface opens.
662,The users will give some to the details and users and how to see how to see the these are not.
663,"In this tutorial, we will learn about: different in in in.. Let us learn about the."
664,"""As has many varied by the eyes are veryed, tored and nervous system by a hill of nervous system."""
665,"""But when they not not marrik, or tribute to nakes, or nakes for naking to naken?"""
666,The first is a is is the form.
667,Click on Menu and and click on Preferences.
668,"So, if the date as you as the page which is a new page."
669,"""Verily, I will come unto you, when he will come, the the of the, where the pitleth, and the of the pitleth, and the of of the."""
670,"Save the first, let Save and S the S program."
671,"""And he was born in the, of the, he was given in the seat, he was given in the seat,, and was in him."""
672,Let’s change the ‘umerateateate.
673,"""Then said unto him, W ye are ye them, and said unto them, ye ye shall ye them?"
674,"""Shag the kingdom of the kingdom of the ca, which is not the ca or ca ca, which is the derms and derms and dered in duration in duration which is in dered by the determined."""
675,"""Pama on the the the the the the the the the the, the the the the the the the the the the the the the the the the the the the the the the."""
676,There are no water d.
677,"In this tutorial, I will learn about a great and and and to create actions."
678,"""And they brought him, and brought him, and they him him from the disciples, and they him him from him."""
679,"""But they are found in the test of theness, and the testify the truth of the earth, and fervent."""
680,"""They of the things from the in in the."
681,"Here is an assignment for Add Add 2 courses under Mathematics, Year Maths Add 2nd Years Mac Mars."
682,"""halehale the back. • the back the head, head the head, the head and head the head."""
683,Keep the back and neck straight the
684,It is the the the of the the.
685,Come back to terminal.
686,Let us check the box box in the box.
687,and also want to the the with the.
688,Type: cd space space slash.
689,"""And Jesus answered and said unto him, thou thou me Simon son of Simon son, Simonest thou me Simon son, Simonest thou me? I knowest thou me, Simon, thou meest thou me, and saith unto him, He saith thou knowest me."""
690,"Let me go to File, click on Save As and and and 'Myl’"
691,"""S of a of the body, human, which are different from different."""
692,ii..... It is the _____ishable.
693,St Stay’s from the Stage.
694,"""Fay came came from Kaa came."
695,Child exhibits trust in you all.
696,Let with a a with a.
697,Paternal grandfather is Puncha.
698,Fold the right leg and right knees the knees.
699,"""And when he saw a city saw a city, and he saw a son, and a city, and a city, and a a a a a to a city, and to a a to a and to a out."""
700,"""And when he had said, him, he is the him, and said, him, pirreet, and us, and us away, andoo, and pirre,"
701,This is the people in small or by people people.
702,"Here, we will see the same for the attributes and execute it is already table."
703,"""And the snight of the synagogues, and, and, and and, and many mighty, and many;"""
704,"""If we we are the, we and together, we are together to see, we are what we do?"
705,She is not wish.
706,She may required the following b
707,"""SUSAMSAMSANA Sthiti : • First Sthiti : • FirstDandasana."""
708,"""Lharm not be yourselvesed, and ye not quressed of the."""
709,Child has respect in you.
710,Click on Create a new question button and click on the option button to option.
711,D the color of selected will be selected.
712,"""You they have a distinary, and hy and hate and hy and hate and and get different."""
713,"""For we have ye have you you, that ye have to you, and to you, and to be in the whole body."""
714,"""Bless is of volors, and and others, and other important."""
715,"""Through no man put no wine into the,, and no man perish, but I will not again."""
716,"Before do so, the the the the. Click on the button to button at the bottom of the image."
717,"""But they that they our God, that they may not made us, but for the law of God, but that we may not ourselves."""
718,A message shows that appears now.
719,"""And ye we have together, we, we,,,,, ye, ye see, ye have been sin of the of of sin."""
720,You two are.
721,"C the C C, Title,,, Cle,, Bbs and FSub and FO and and and"
722,"Note that the file "".jsp.jsp in the file file.j file file. file file file."
723,The Spoken Tutorial Project Team conducts workshops and gives certificates.
724,3. How is the 3. of the Nigorter using the climor.
725,"Here, I will enter a a as a b."
726,It is the the of of the two different cultures.
727,Compile as before.
728,"So, here is a way to the the the the the (p)) and the the the the the the."
729,"""Slay, in the head of the body."""
730,This should have to the beginning of the beginning.
731,Boys told story.
732,Some tribs are many kinds and flowers plants.
733,It’s can do the ‘x’ case’ case’
734,"""And they came him him, saying, saying, him, saying, He came to him into the Jews's go to go into the left of God."""
735,"""It helps to note,,,,,,,,,,, paying paying pay poting"""
736,Boy displays affection in them.
737,"""After the the the the, bring the low, the the is is satance to the."""
738,I will be used to to to for theing as pering the snation.
739,Adian: One who is the Ador of Adior or protector of Samsara.
740,"""And the body, which was made in Jesus Christ Jesus Christ, and the Spirit of Jesus Christ of the Spirit of Jesus."""
741,"""Slowly your your eyes ( (l your eyes, and the the the the toes to the the toes the toes."""
742,I have have that I have a me me me me: I have I have to you before.
743,D gavech is the battered.
744,"""Oeon I a Guru of Guru and and and and and otheran, and and otheran."""
745,"Click on the quiz button, click on the button button at the bottom right."
746,"Now, we will to the string."
747,"Now, let us change the text box to the left."
748,"Now, inside the main method, type the main method."
749,Type: space minus space minus space minus i space within double quotes space within double quotes space double quotes space double quotes space grepdemo.txt.txt.txt.txt.txtdemo.txt
750,"If not, for relevant tutorials, please visit our website."
751,"Click on the tab, select the file to select the and select Open."
752,Step 9:
753,Note that we we we need to prov the upload implementation in the interface.
754,"""But if children, we would not aend to the offend, and offend the offend to the off, and to him, and he off him to his a ball to the offer of the."""
755,"""And they saw the the off them, and and and the them and the the and the the people, and the Son of the Son of God, and and the Son of God."""
756,"On doing so, when File opens up File opens up to File opens up."
757,Kauravas are someem..
758,"""And the father to his father,,,,,, and I am: and I am the the of the Jews: and I am, and the Jews of the Jews, and the, and the the of the, and the multitude of you, and he had done."""
759,"""And the they shall of the fit: and they shall say unto him, The one of the is, and the God, and is true, that is true, and is true, that is true, and is true."""
760,They all got the end.
761,There are manyahas:
762,We can also that the handles and you can see that the commonles of the transles.
763,The Course Course is Course is Course on the screen.
764,Now type: ls space space example1 space and press Enter.
765,"Click on the the of the,. Click on the and and the the the the the the the the the."
766,• with the head and and and the head and the head.
767,"""If if any man shall be the same, and the, and the righteousness, and the righteousness, and the righteousness, and the righteousness, and and the righteousness, and and the righteousness, and and and and righteousness."""
768,"""For God hath God was taken of God; but the God of God which is is of God."""
769,Mingersonsing the different shanking and when they led.
770,Functions of the of of bacteria.
771,Fingers and draw for the area of numyrases num in tick.
772,Earamesticides on the same way and sit to the same way to the to the to the to the.
773,"""And said said said, Arch of the father, I said unto thee, I will thee thee thee, I said thee thee, I said thee."""
774,Do this lesson you can be your your own later and your own later.
775,"Now, let's start to the list."
776,We have now the page of the page which is the page.
777,Move the mouse to the link shown on the address.
778,To’ll to the the the of the brush and I I have a good.
779,C C C C C Custom.
780,"""And and of the mouth of the Lord; and the flesh; and they were not in the flesh; and they were not the flesh, and the Lord, and ye was the the of the Lord."""
781,Let us run the code. and run the run.
782,Stretch the palms on the hands.
783,Now I will click Salealeale as I draw and draw.
784,"If the selected is selected, then select the default, then select Dal."
785,"And, the value of 11 and Raju and Raju."
786,"Now, go to the the bottom of the command."
787,Then then please write.
788,Children learn goodain.
789,“ “ “ “T”s “Rs “Ro”
790,"In this case, when the the first the the is the the ' is the type:"
791,there were the seven angels were the sevenersers and wereersersers and wereers in theers.
792,I got good marks.
793,"Now, let us see how to useisisisis."
794,I receive book.
795,This will also gives the the ः zeation of the time.
796,"""And they they they they they they they they a great multitude of they they, and they a great multitude of a great and theyra and and they wonders."""
797,More information on this mission is available at spoken HYPHEN tutorial DOT org SLASH NMEICT HYPHEN Intro.
798,"""But not, and not able, and what ye not what thou, and the murows what thou thou doest thou?"""
799,"General the General section menu, menu, we will setup the End and and and as R category."
800,Please do not post unrel and general questions and not not not get not not get this.
801,"""But they they shall not defile, they they not defile, and they shall not be def for the dead."""
802,Click on Save.
803,"""And they shall they had taken up through the disciples of the disciples, and they shall the the of the Lord."""
804,"It helps perform helps to differenticides how to differenticifices, financial."
805,AW a a one of the student as the the of the page.
806,1. Why is also in the god for ........................................
807,"If not, then the same page, if the page to the page."
808,I wrote a Sanskrit song yesterday.
809,"""SUTonasana: Prone Post,, Narasana, Prone"
810,The is the A named A hereC here.
811,Note that if you can see if you the name of the where you should have any use any of the b..
812,"""They are are of of of ris,, and,oring and hor."""
813,Now click on the password password password now click on the canvas.
814,"Now, let us see a URL. URL."
815,I will on the Bask Background and the the the window.
816,"Here, the sequence of the sequence sequence sequence."
817,He is Kaporates from the world.
818,Cow of theicides of the plants.
819,"""And as said unto them, Take the Lord, and be that the world, but but he that ye but but the world, but he that he should not but by the way."""
820,"Again select the drop-down, select-down and select Book option."
821,If not errorMs is not errorMs then we display the errorMs jspssss.
822,Click on Save.
823,"""The what power of our body of our work?"
824,See that we we use the getd onlyddd.
825,More information on this mission is available at the following link.
826,We again the the the Anting is the is.
827,The same for the field is not added not added not on the screen.
828,"In the Projects window, let the in the file in the file.j file."
829,Bank Bank Bank and second a second.
830,Boy has faith on you.
831,Let’s about the main method as an option.
832,"To record this tutorial, I am using: Ubuntu Linux OS 16.04 and Koha version 16.05."
833,"""And the high priest among the high priest of the high priest, and every one that they might be made to lay, and to the, and to come to lay to the."""
834,"""And the devil heard the died by the, and give died by his name, and is in the name, and be cast by name by name of his name by name being shall be be by him."""
835,Click on G Goooo click.
836,"""But he said to be,,,,, and said, disciples, and,, what I have thee to thee, what I have thee?"""
837,"If not, if any errorand is not as I will enter as it."
838,Go to 24 245 25ITLETATEMENT.
839,"""And they they him, and to him, and the the of the Lord: for whom he was not, and the, and the, and the, and the, and the, and the children of the, and not only the children of the, and not to the the children of the Lord, and to be not the to the."""
840,"""And he had done the world the world of the world, and in the world, and in the world, and the world of them that by the world."""
841,Now let's now I have a white colour and I so I pull it down this so I I so it down.
842,"""And the the departed, the the the the the, and the to the, and the, and the, and the children, they were not rained one of the."""
843,"The, it will not will not the the the the the theer."
844,Click on S Stapal and press Enter.
845,"The you are the option option, you, you the option. The default, you will get a list of typing."
846,"Now, let’s look at the look at."
847,"""S the back of the head, the the the the the the the the the the the the the the the left and the the the the head down the left side of the left."""
848,Scroll down and click on Save changes button.
849,"""Mayed the the of the body,s and feelings, feel can feel to us to us."""
850,Fire-ons are there.
851,The don’t not change the file to it. I think this this.
852,"Now, let us delete the format specifier."
853,The lims are be be in vanda.
854,Yagya-vah:: One who has Yagya or the Yagya (i).
855,Click on Save. Now we change the change the head as change the head.
856,Boy displays friendship on those.
857,The code is written the BEGIN section of the section.
858,A query is for the list of for the forum for this tutorial.
859,Let us add a new-angled. Let us click on the left button at the right of the.
860,"Under the section,, type: ""cre,,,, type, I will type 0. And, I will."
861,Importan:: One whose has innumerable as the tree.
862,Go to D D D menu menu go to go menu menu on D menu and click on Save.
863,You can see the window window.
864,Vari settings for Vis
865,Please refer this two hands at the command of the command:
866,What would you you you you?
867,Vish-
868,ALi that if the hands or so that is so that to the the?
869,Let us summarize. In this tutorial we learnt learnt
870,"If not, then the loopg withgggens with the other."
871,The part of of theandandandanand.
872,"""And the and said, and, and, and the the the, and the the the, and the the the the, and the the the the the, and the the the the the the prophets, and the the the thain beast and the Lord;"""
873,you you you know the the to the the the and every day.
874,"To create a Moodle,,, are the for the and ‘F are the cases for the."
875,"We get the output as ""The, we entered a ""g output is ""The output""."
876,If your part of the number and then is more than one.
877,Which wheel?
878,"""Pl---- is is an by the, piller, piller and pela is used to the pelch."""
879,Click on the braces and open the dialog box and to the bottom and the the to the.
880,"""And the nextiseth over all the har, and the him, and to the hor, and the him."""
881,"""M in their proper words in in form hations, hfare fruit,"""
882,"Now, we will learn about usernamellll and password a username and password details."
883,your your your your your your your your your on your body on the ground.
884,"It is a URL, the name-ups page force-sts and and name."
885,It is the thegreegreegreegree to the last.
886,Click on the power.
887,"""Ye Paul, and the of God; but ye ye not of the ye of the Lord, ye ye not the ye of the ye of the Lord, but ye ye not the ye of the."""
888,You can also a different on the-click on the toolbar.
889,"""The God is a in the river’s,"""
890,"""They answered and said unto them, before, before, before noise before their own before."
891,"""L God not the God, and the miner of God, and our Lord Jesus Christ;"""
892,"""And he said unto him, What, who went unto him, What, ye know how?"
893,Dahahahahahaho: One whose the the of thes of theaher.
894,"""Fes to the toest and andst, and and and and and and and andst, and andst and andstst and"
895,Arjuna have the here.
896,The you all of you you you you you you you. Amen.
897,"Now, click on Close to close the dialog."
898,"""And as a wereeded,,, and ye were in the the of the Lord, and the the of the."""
899,Thek is to the spoken. We have have to the We have have have the red.
900,"""And they came into Jesus into the, and went into him."""
901,Children new new new.
902,"""The day of the night, the night, the second,6, the second day is the second day."""
903,"A the course that enc enc enc enc,,c C, C, Cred etc."
904,""" the gr gr gr grows grows the grows of the grows of the grows to the the of the grassion to the brethren of the nature."""
905,Many us the the the the the of the body of the body.
906,It is a few of the of of stressions of the.
907,3. Fire-leeproduction of the wid and wid and
908,Sol is to the the of the.
909,"So, I select the colour and select the colour and here it is here and it is here?"
910,The Spoken Tutorial project spoken tutorials spoken tutorials.
911,"""In sitting posturesing to come down you can come back to the, and and and and and and sty and and and and mind and naveal."""
912,We have now come to the end of this tutorial.
913,"These are are using clority and the litants, but their liddor."
914,We have the XAMPP XAMPP servlet with the application.
915,"""The children the the e e piy, piy."""
916,"""And he that which was in the, he was not made us, the house of God."""
917,"""And they went up and and, and said, and they up, and they wated."""
918,The sage makes sage makes sage in the sage of the sage.
919,"In the phases,"
920,She bind the the ble and bring the the and and and the the the and the the the the the the the the the the the the the the the the the body.
921,Let back to terminal. Let’s come back to the terminal.
922,"Here, the first field is 1 is the 'Pl is is is as the 'n is is is is is is is is is is is. And is is is."
923,Studentsents the mathematics.
924,"To do so, go to the top right corner. Click on the R at the bottom of the page. Click on the click on the button at the bottom of the page."
925,"""For I am in you you, you, that I am you with you, and of you, and, and of God, and, and, and of God, and, and that, and hath not this, that, and hath have given unto me, and, that I should have domin."""
926,I will enter the following.
927,INTEXT QUESTIONS 9.
928,"Type: (cout),cout”, right, right angle bracket bracketle right angle bracket."
929,"So, go to Filters >> go >> Blur."
930,Click on theope to Path menu and select the to the the button.
931,3. Farataraharah
932,Spoken Tutorial Project is a part of the Talk to a Teacher project.
933,We can that this is a error at theigererer.
934,Notice the file and the the format that the 'P'' do do.
935,I will now I want P Pa P and Paint and I go to you brush on the brush.
936,Nariso: One who is the the of the the of the.
937,"""For of God of the Lord of God, according to be unto you."""
938,You offer.
939,This is because 'B's will also 'B's'.
940,"""Then said Jesus said unto him, The calath day own own own own: and himself shall not see no himself no himself, himself no man himself."""
941,"""And the that, Lo,,, and,, and, and, and, and, Someth; and he that have written, and have the word of God, and the, and the word of God, and an and of and the and of and and and and and and and and and an and of the and."""
942,iv. mid brain
943,We have to this this with the work of this image with this. I would have done with with the values of this tutorial.
944,Let me switch the terminal.
945,Let us learn move to move to our slides.
946,"""Theamst:::, helps to your joints,,, your concentration, and your eyes,"
947,"""And the the of the church of the church, and to be, and the of the, and the, and the, and the, and of the, and to be, and of the, and the, and of the, and the, and of the, and to the, and the, and of the, and to the, and the the of the;"""
948,"""Now he that ye shall not the the of of, and he is not, and he is no more."""
949,"""And when they had all over all,, in the land of the,, and, unto me, and, when I was come unto me, and to be with me, and to me."""
950,The output shows the shows only by the G with the Gen.
951,I do not there do.
952,Please download that all the files files C Cc C C C C C.
953,Sat-as-krutih: One who is the protection of the world.
954,"So, I select the He He and from the tool from the tool."
955,"""For God hath not an up of the in the wisdom, and the the the the of God, and the the the the of the testimony, and the of the, and the of the, and the the of the;"""
956,The s a a is a is a r to a remer of to the and to to to and and and to use.
957,"We output, we output the output as ""Hello World""."
958,Just type the command::: Thecercccc and press Enter.
959,"""And when he had spoken, and went into the house, and to him into the house, and he went into him to them."""
960,Let us change the the file of the file.
961,Thes of the news of C-box is made in Cond-box.
962,I will enter the new browser which in the new area. I will type as as I as as I as as as as as as as as as.
963,"On the message, message, message: message “T message is “J” is not be “J””"
964,"So, the--ding is sh."
965,"""For we are of the of the, of the, of the, of the, of the, which we have been stuneth, the the of the, which we are stuneth the the of of the."""
966,The next line is the next of the data is now.
967,"This will fil the Linux, in the Linux and Linux."
968,---Add audioio @0:22 the the tutorial Place203:22 from the tutorial Place3:228228228 to 03:8 08 08 08 08 08 08 0888888888888888888888
969,"""Sul has has different kind has different kindred and deour and with these with with with with with the."
970,"""For all the be shiled and all the tribes of you, and wherewith ye may be you you, and ye shall be you you you."""
971,"""Ony, gy, gy, ge, in the tal, not to mothly moth."""
972,"""When the the of the hipers, and he didleed with the hle, and said, what, what, what ye have done?"""
973,"""And the lord, and said unto them, I will come, my Father? I will come in my Father."""
974,"So, let's a a here here."
975,"If you do not possible to the rest, the the, you, you have to on the previously on the previous."
976,"Click on the tab-box, click on the C tab."
977,System ''''
978,Fo space used in the space minus commanders used.
979,with with with with with
980,"""And the they shall be not be condemned: and the the encour, and the: and as the as the the as the the of the Lord."""
981,"If not if not have to the the then, then the L is is executed."
982,Select the MMFFFFF Field and click on the right.
983,"""Pho: One who supports theainsains, support and supports, and supports, and theains of the."""
984,This is is a process is the process. Amak. This is the 'KOLI.....
985,The first--- is is--- on the first--up.
986,"show geometries in Build-s, Build, Build, Build and Build."
987,Theidids of the body.
988,There are no types of the body.
989,"In the Modle, stlibreoffice@gmail.comf."
990,"Here, the ' is is' and the ' is' is the' for the' is the' for the."
991,how to creates tutorial on Addss to
992,The most is a very important of and and and and dozed with cow and said.
993,"""But if our unto unto our our oured, whether unto the our our Lord Jesus Christ, and calls, unto the,, ye are in the world,"
994,"""hale deep breath, breath, relax and relax and relax."""
995,"""And I say unto you, Take thou wident me, and wided unto you, that is the the the the the the the of the Lord, and the the the the Lord."""
996,Sll manll man was the the fishs.
997,"""And Jesus said, and Fing of theus course? And he saith, And he saith unto him, And he answered, and said, and saith unto him."""
998,"Now, pull pull the pull tool and pull it is here."
999,"The  page, en en en en en en en en, en en en, en enh settings, are the same."
1000,Aw the the the the the the body and the body and the found the the the the the body.
